Year,id,State,Population,Index offenses total,Violent crime total,Murder and nonnegligent Manslaughter,Forcible rape,Robbery,Aggravated assault,Property crime total,Burglary,Larceny-theft,Motor vehicle theft,Index offense rate,Violent Crime rate,Murder and nonnegligent manslaughter rate,Forcible rape rate,Robbery rate,Aggravated assault rate,Property crime rate,Burglary rate,Larceny-theft rate,Motor vehicle theft rate
1960,2,Alaska,226167,3730,236,23,47,64,102,3494,751,2195,548,1649.2,104.3,10.2,20.8,28.3,45.1,1544.9,332.1,970.5,242.3
1960,15,Hawaii,632772,14543,138,15,21,69,33,14405,3328,9369,1708,2298.3,21.8,2.4,3.3,10.9,5.2,2276.5,525.9,1480.6,269.9
1960,24,Maryland,3100689,51783,4691,168,224,1158,3141,47092,11360,30024,5708,1670.1,151.3,5.4,7.2,37.3,101.3,1518.8,366.4,968.3,184.1
1960,26,Michigan,7823194,208035,17034,353,1135,7330,8216,191001,56724,120237,14040,2659.2,217.7,4.5,14.5,93.7,105,2441.5,725.1,1536.9,179.5
1960,44,Rhode Island,859488,17812,316,9,20,122,165,17496,4388,10455,2653,2072.4,36.8,1,2.3,14.2,19.2,2035.6,510.5,1216.4,308.7
1960,51,Virginia,3966949,65568,7286,487,319,1042,5438,58282,15594,37660,5028,1652.9,183.7,12.3,8,26.3,137.1,1469.2,393.1,949.3,126.7
1960,53,Washington,2853214,63688,1616,61,166,886,503,62072,13908,43657,4507,2232.1,56.6,2.1,5.8,31.1,17.6,2175.5,487.5,1530.1,158
1961,2,Alaska,234000,3813,208,27,31,29,121,3605,891,2223,491,1629.5,88.9,11.5,13.2,12.4,51.7,1540.6,380.8,950,209.8
1961,15,Hawaii,657000,16571,161,15,25,70,51,16410,3909,10498,2003,2522.2,24.5,2.3,3.8,10.7,7.8,2497.7,595,1597.9,304.9
1961,24,Maryland,3188000,57065,4959,143,262,1330,3224,52106,12348,33461,6297,1790,155.6,4.5,8.2,41.7,101.1,1634.4,387.3,1049.6,197.5
1961,26,Michigan,7954000,214129,16499,326,1092,6441,8640,197630,57647,125964,14019,2692.1,207.4,4.1,13.7,81,108.6,2484.7,724.8,1583.7,176.3
1961,44,Rhode Island,867000,16267,372,9,15,115,233,15895,3937,9781,2177,1876.2,42.9,1,1.7,13.3,26.9,1833.3,454.1,1128.1,251.1
1961,51,Virginia,4059000,71851,7555,349,414,1065,5727,64296,17201,41626,5469,1770.1,186.1,8.6,10.2,26.2,141.1,1584,423.8,1025.5,134.7
1961,53,Washington,2902000,64752,1687,63,180,902,542,63065,13694,44450,4921,2231.3,58.1,2.2,6.2,31.1,18.7,2173.2,471.9,1531.7,169.6
1962,2,Alaska,246000,4074,225,11,46,34,134,3849,865,2424,560,1656.1,91.5,4.5,18.7,13.8,54.5,1564.6,351.6,985.4,227.6
1962,15,Hawaii,693000,17647,256,20,17,120,99,17391,4485,10693,2213,2546.4,36.9,2.9,2.5,17.3,14.3,2509.5,647.2,1543,319.3
1962,24,Maryland,3191000,60325,4915,183,279,1340,3113,55410,12886,36298,6226,1890.4,154,5.7,8.7,42,97.6,1736.4,403.8,1137.5,195.1
1962,26,Michigan,7991000,222179,18106,275,1133,7710,8988,204073,57641,130499,15933,2780.4,226.6,3.4,14.2,96.5,112.5,2553.8,721.3,1633.1,199.4
1962,44,Rhode Island,865000,16504,402,7,18,108,269,16102,4002,9788,2312,1908,46.5,0.8,2.1,12.5,31.1,1861.5,462.7,1131.6,267.3
1962,51,Virginia,4177000,73669,7720,362,342,1070,5946,65949,18034,42551,5364,1763.7,184.8,8.7,8.2,25.6,142.4,1578.9,431.7,1018.7,128.4
1962,53,Washington,3006000,70151,1913,74,189,912,738,68238,14695,48212,5331,2333.7,63.6,2.5,6.3,30.3,24.6,2270.1,488.9,1603.9,177.3
1963,2,Alaska,248000,5115,272,16,37,55,164,4843,946,3010,887,2062.5,109.7,6.5,14.9,22.2,66.1,1952.8,381.5,1213.7,357.7
1963,15,Hawaii,694000,17645,215,12,18,80,105,17430,4944,10812,1674,2542.5,31,1.7,2.6,11.5,15.1,2511.5,712.4,1557.9,241.2
1963,24,Maryland,3289000,70452,5283,207,308,1721,3047,65169,15968,41387,7814,2142,160.6,6.3,9.4,52.3,92.6,1981.4,485.5,1258.3,237.6
1963,26,Michigan,8116000,241553,18478,283,1220,8393,8582,223075,58884,145863,18328,2976.3,227.7,3.5,15,103.4,105.7,2748.6,725.5,1797.2,225.8
1963,44,Rhode Island,885000,17744,500,12,20,153,315,17244,4765,10081,2398,2005,56.5,1.4,2.3,17.3,35.6,1948.5,538.4,1139.1,271
1963,51,Virginia,4331000,80937,8259,307,415,1267,6270,72678,19536,47339,5803,1868.8,190.7,7.1,9.6,29.3,144.8,1678.1,451.1,1093,134
1963,53,Washington,3050000,73085,2034,76,196,914,848,71051,16134,49490,5427,2396.2,66.7,2.5,6.4,30,27.8,2329.5,529,1622.6,177.9
1964,2,Alaska,250000,5415,375,26,56,53,240,5040,1109,3046,885,2166,150,10.4,22.4,21.2,96,2016,443.6,1218.4,354
1964,15,Hawaii,701000,19559,575,15,18,95,447,18984,5880,11301,1803,2790.1,82,2.1,2.6,13.6,63.8,2708.1,838.8,1612.1,257.2
1964,24,Maryland,3432000,81919,7446,229,346,2041,4830,74473,18735,46471,9267,2387,217,6.7,10.1,59.5,140.7,2170,545.9,1354.1,270
1964,26,Michigan,8098000,258262,21153,284,1603,9155,10111,237109,63956,151910,21243,3189.2,261.2,3.5,19.8,113.1,124.9,2928,789.8,1875.9,262.3
1964,44,Rhode Island,914000,21557,578,11,25,162,380,20979,5880,12155,2944,2358.5,63.2,1.2,2.7,17.7,41.6,2295.3,643.3,1329.9,322.1
1964,51,Virginia,4378000,95752,10561,367,506,1517,8171,85191,23553,54711,6927,2187.1,241.2,8.4,11.6,34.7,186.6,1945.9,538,1249.7,158.2
1964,53,Washington,2984000,81437,2761,72,229,850,1610,78676,17914,55011,5751,2729.1,92.5,2.4,7.7,28.5,54,2636.6,600.3,1843.5,192.7
1965,2,Alaska,253000,6587,377,16,45,101,215,6210,1403,3777,1030,2603.5,149,6.3,17.8,39.9,85,2454.5,554.5,1492.9,407.1
1965,15,Hawaii,711000,23124,491,23,6,133,329,22633,6974,13078,2581,3252.4,69.1,3.2,0.8,18.7,46.3,3183.3,980.9,1839.4,363
1965,24,Maryland,3519000,97104,10032,236,489,2919,6388,87072,22474,53831,10767,2759.4,285.1,6.7,13.9,82.9,181.5,2474.3,638.6,1529.7,306
1965,26,Michigan,8218000,272749,24459,378,1970,10853,11258,248290,71289,150410,26591,3318.9,297.6,4.6,24,132.1,137,3021.3,867.5,1830.3,323.6
1965,44,Rhode Island,920000,20705,722,19,35,175,493,19983,5486,11554,2943,2250.6,78.5,2.1,3.8,19,53.6,2172.1,596.3,1255.9,319.9
1965,51,Virginia,4457000,98021,10145,365,536,1780,7464,87876,24454,55751,7671,2199.2,227.6,8.2,12,39.9,167.5,1971.6,548.7,1250.9,172.1
1965,53,Washington,2990000,81367,3081,67,304,905,1805,78286,18271,54290,5725,2721.3,103,2.2,10.2,30.3,60.4,2618.3,611.1,1815.7,191.5
1966,2,Alaska,272000,7577,409,35,53,98,223,7168,1613,4354,1201,2785.7,150.4,12.9,19.5,36,82,2635.3,593,1600.7,441.5
1966,15,Hawaii,718000,25153,598,21,35,155,387,24555,8111,14152,2292,3503.2,83.3,2.9,4.9,21.6,53.9,3419.9,1129.7,1971,319.2
1966,24,Maryland,3613000,114302,11236,254,554,4470,5958,103066,27254,60270,15542,3163.6,311,7,15.3,123.7,164.9,2852.6,754.3,1668.1,430.2
1966,26,Michigan,8374000,310531,27806,415,2358,12992,12041,282725,82403,170722,29600,3708.3,332.1,5,28.2,155.1,143.8,3376.2,984,2038.7,353.5
1966,44,Rhode Island,898000,23158,849,13,45,228,563,22309,6354,11339,4616,2578.8,94.5,1.4,5,25.4,62.7,2484.3,707.6,1262.7,514
1966,51,Virginia,4507000,104955,10399,364,540,2006,7489,94556,27968,57336,9252,2328.7,230.7,8.1,12,44.5,166.2,2098,620.5,1272.2,205.3
1966,53,Washington,2980000,92357,3673,75,346,1094,2158,88684,19958,61563,7163,3099.3,123.3,2.5,11.6,36.7,72.4,2976,669.7,2065.9,240.4
1967,2,Alaska,272000,7846,437,26,48,96,267,7409,1873,4436,1100,2884.6,160.7,9.6,17.6,35.3,98.2,2723.9,688.6,1630.9,404.4
1967,15,Hawaii,739000,27486,591,18,37,146,390,26895,8516,15392,2987,3719.4,80,2.4,5,19.8,52.8,3639.4,1152.4,2082.8,404.2
1967,24,Maryland,3682000,143980,17458,293,720,7809,8636,126522,37366,71147,18009,3910.3,474.1,8,19.6,212.1,234.5,3436.2,1014.8,1932.3,489.1
1967,26,Michigan,8584000,348685,33390,560,2282,16188,14360,315295,99624,182277,33394,4062.1,389,6.5,26.6,188.6,167.3,3673.1,1160.6,2123.5,389
1967,44,Rhode Island,900000,28227,1156,20,43,283,810,27071,8072,13519,5480,3136.3,128.4,2.2,4.8,31.4,90,3007.9,896.9,1502.1,608.9
1967,51,Virginia,4536000,118784,10328,411,601,2397,6919,108456,32709,64808,10939,2618.7,227.7,9.1,13.2,52.8,152.5,2391,721.1,1428.7,241.2
1967,53,Washington,3087000,115353,4754,96,387,1686,2585,110599,25859,76049,8691,3736.7,154,3.1,12.5,54.6,83.7,3582.7,837.7,2463.5,281.5
1968,2,Alaska,277000,9199,486,29,60,146,251,8713,2070,5307,1336,3321,175.5,10.5,21.7,52.7,90.6,3145.5,747.3,1915.9,482.3
1968,15,Hawaii,778000,34530,662,22,56,176,408,33868,10610,19323,3935,4438.3,85.1,2.8,7.2,22.6,52.4,4353.2,1363.8,2483.7,505.8
1968,24,Maryland,3757000,172061,23405,350,978,10355,11722,148656,48886,77041,22729,4579.8,623,9.3,26,275.6,312,3956.8,1301.2,2050.6,605
1968,26,Michigan,8740000,364509,37292,669,2732,18315,15576,327217,101664,187952,37601,4170.6,426.7,7.7,31.3,209.6,178.2,3743.9,1163.2,2150.5,430.2
1968,44,Rhode Island,913000,35475,1254,22,34,450,748,34221,9948,17284,6989,3885.5,137.3,2.4,3.7,49.3,81.9,3748.2,1089.6,1893.1,765.5
1968,51,Virginia,4597000,132741,12821,473,716,3027,8605,119920,36153,71708,12059,2887.6,278.9,10.3,15.6,65.8,187.2,2608.7,786.4,1559.9,262.3
1968,53,Washington,3276000,129892,6970,118,561,3223,3068,122922,33399,79790,9733,3965,212.8,3.6,17.1,98.4,93.7,3752.2,1019.5,2435.6,297.1
1969,2,Alaska,282000,10942,624,30,83,190,321,10318,2455,6195,1668,3880.2,221.3,10.6,29.4,67.4,113.8,3658.9,870.6,2196.8,591.5
1969,15,Hawaii,794000,35991,684,27,97,282,278,35307,10360,20692,4255,4532.8,86.1,3.4,12.2,35.5,35,4446.7,1304.8,2606,535.9
1969,24,Maryland,3765000,172186,24295,350,1125,11086,11734,147891,41970,83610,22311,4573.3,645.3,9.3,29.9,294.4,311.7,3928,1114.7,2220.7,592.6
1969,26,Michigan,8766000,421133,44048,770,2832,23238,17208,377085,115315,217834,43936,4804.2,502.5,8.8,32.3,265.1,196.3,4301.7,1315.5,2485,501.2
1969,44,Rhode Island,911000,37613,1594,28,36,669,861,36019,8950,19570,7499,4128.8,175,3.1,4,73.4,94.5,3953.8,982.4,2148.2,823.2
1969,51,Virginia,4669000,140447,12433,341,766,3782,7544,128014,35496,78912,13606,3008.1,266.3,7.3,16.4,81,161.6,2741.8,760.2,1690.1,291.4
1969,53,Washington,3402000,157711,8243,124,660,3844,3615,149468,44106,92411,12951,4635.8,242.3,3.6,19.4,113,106.3,4393.5,1296.5,2716.4,380.7
1970,2,Alaska,302173,11488,840,37,79,217,507,10648,2387,6595,1666,3801.8,278,12.2,26.1,71.8,167.8,3523.8,789.9,2182.5,551.3
1970,15,Hawaii,769913,40537,938,28,91,487,332,39599,11211,23914,4474,5265.1,121.8,3.6,11.8,63.3,43.1,5143.3,1456.1,3106.1,581.1
1970,24,Maryland,3922399,182040,24512,362,936,13280,9934,157528,41234,94816,21478,4641,624.9,9.2,23.9,338.6,253.3,4016.1,1051.2,2417.3,547.6
1970,26,Michigan,8875083,488790,51090,831,2402,30758,17099,437700,139398,257118,41184,5507.5,575.7,9.4,27.1,346.6,192.7,4931.8,1570.7,2897.1,464
1970,44,Rhode Island,949723,40542,1944,30,34,744,1136,38598,9677,20763,8158,4268.8,204.7,3.2,3.6,78.3,119.6,4064.1,1018.9,2186.2,859
1970,51,Virginia,4648494,170386,14040,483,796,4437,8324,156346,42514,99239,14593,3665.4,302,10.4,17.1,95.5,179.1,3363.4,914.6,2134.9,313.9
1970,53,Washington,3409169,166404,7546,120,613,3189,3624,158858,49244,97279,12335,4881,221.3,3.5,18,93.5,106.3,4659.7,1444.5,2853.5,361.8
1971,2,Alaska,313000,13035,1112,42,136,210,724,11923,2656,7631,1636,4164.6,355.3,13.4,43.5,67.1,231.3,3809.3,848.6,2438,522.7
1971,15,Hawaii,789000,43070,1830,42,138,734,916,41240,11339,25425,4476,5458.8,231.9,5.3,17.5,93,116.1,5226.9,1437.1,3222.4,567.3
1971,24,Maryland,4000000,191967,24857,449,997,13015,10396,167110,44900,101138,21072,4799.2,621.4,11.2,24.9,325.4,259.9,4177.8,1122.5,2528.5,526.8
1971,26,Michigan,8997000,514197,51697,942,2404,29703,18648,462500,151756,265951,44793,5715.2,574.6,10.5,26.7,330.1,207.3,5140.6,1686.7,2956,497.9
1971,44,Rhode Island,960000,46177,2129,29,54,815,1231,44048,10535,24111,9402,4810.1,221.8,3,5.6,84.9,128.2,4588.3,1097.4,2511.6,979.4
1971,51,Virginia,4714000,171286,15384,475,1006,5033,8870,155902,43376,97888,14638,3633.5,326.3,10.1,21.3,106.8,188.2,3307.2,920.2,2076.5,310.5
1971,53,Washington,3449000,168514,8155,130,612,3219,4194,160359,48038,100447,11874,4885.8,236.4,3.8,17.7,93.3,121.6,4649.4,1392.8,2912.4,344.3
1972,2,Alaska,325000,14555,1204,31,136,216,821,13351,3155,8577,1619,4478.5,370.5,9.5,41.8,66.5,252.6,4108,970.8,2639.1,498.2
1972,15,Hawaii,809000,37315,1258,55,172,448,583,36057,10805,22029,3223,4612.5,155.5,6.8,21.3,55.4,72.1,4457,1335.6,2723,398.4
1972,24,Maryland,4056000,187740,26412,509,1053,13144,11706,161328,45090,94571,21667,4628.7,651.2,12.5,26,324.1,288.6,3977.5,1111.7,2331.6,534.2
1972,26,Michigan,9082000,487118,50425,999,2657,26276,20493,436693,143709,249940,43044,5363.5,555.2,11,29.3,289.3,225.6,4808.3,1582.3,2752,473.9
1972,44,Rhode Island,968000,44073,2424,13,80,791,1540,41649,10880,22094,8675,4553,250.4,1.3,8.3,81.7,159.1,4302.6,1124,2282.4,896.2
1972,51,Virginia,4764000,161328,16483,561,1034,5408,9480,144845,42729,88711,13405,3386.4,346,11.8,21.7,113.5,199,3040.4,896.9,1862.1,281.4
1972,53,Washington,3443000,161932,8627,146,749,3016,4716,153305,47563,94336,11406,4703.3,250.6,4.2,21.8,87.6,137,4452.7,1381.4,2739.9,331.3
1973,2,Alaska,330000,16313,1269,33,147,221,868,15044,3852,9456,1736,4943.3,384.5,10,44.5,67,263,4558.8,1167.3,2865.5,526.1
1973,15,Hawaii,832000,41257,1295,44,168,696,387,39962,12775,23552,3635,4958.7,155.6,5.3,20.2,83.7,46.5,4803.1,1535.5,2830.8,436.9
1973,24,Maryland,4070000,195010,26093,460,1131,12274,12228,168917,46584,100036,22297,4791.4,641.1,11.3,27.8,301.6,300.4,4150.3,1144.6,2457.9,547.8
1973,26,Michigan,9044000,496459,52921,1096,3173,25569,23083,443538,143311,250638,49589,5489.4,585.2,12.1,35.1,282.7,255.2,4904.2,1584.6,2771.3,548.3
1973,44,Rhode Island,973000,45520,2749,33,81,944,1691,42771,11570,22499,8702,4678.3,282.5,3.4,8.3,97,173.8,4395.8,1189.1,2312.3,894.3
1973,51,Virginia,4811000,171157,16007,503,1104,5044,9356,155150,45106,96428,13616,3557.6,332.7,10.5,22.9,104.8,194.5,3224.9,937.6,2004.3,283
1973,53,Washington,3429000,174534,9309,137,897,3302,4973,165225,52819,99522,12884,5090,271.5,4,26.2,96.3,145,4818.5,1540.4,2902.4,375.7
1974,2,Alaska,337000,17658,1527,46,166,298,1017,16131,3932,10016,2183,5239.7,453.1,13.6,49.3,88.4,301.8,4786.6,1166.8,2972.1,647.8
1974,15,Hawaii,847000,51427,1762,70,221,1030,441,49665,15117,29584,4964,6071.6,208,8.3,26.1,121.6,52.1,5863.6,1784.8,3492.8,586.1
1974,24,Maryland,4094000,231316,29439,481,1219,14765,12974,201877,57433,120562,23882,5650.1,719.1,11.7,29.8,360.6,316.9,4931,1402.9,2944.8,583.3
1974,26,Michigan,9098000,593153,59993,1186,3377,30679,24751,533160,173215,303110,56835,6519.6,659.4,13,37.1,337.2,272,5860.2,1903.9,3331.6,624.7
1974,44,Rhode Island,937000,47918,2651,36,69,853,1693,45267,12144,24474,8649,5114,282.9,3.8,7.4,91,180.7,4831.1,1296.1,2612,923.1
1974,51,Virginia,4908000,205544,17514,522,1269,6253,9470,188030,55997,118251,13782,4187.9,356.8,10.6,25.9,127.4,193,3831.1,1140.9,2409.4,280.8
1974,53,Washington,3476000,208875,12036,179,1008,4015,6834,196839,61611,121132,14096,6009.1,346.3,5.1,29,115.5,196.6,5662.8,1772.5,3484.8,405.5
1975,2,Alaska,352000,21812,1900,43,157,456,1244,19912,4275,12399,3238,6196.6,539.8,12.2,44.6,129.5,353.4,5656.8,1214.5,3522.4,919.9
1975,15,Hawaii,865000,52130,1889,67,214,1104,504,50241,15802,29909,4530,6026.6,218.4,7.7,24.7,127.6,58.3,5808.2,1826.8,3457.7,523.7
1975,24,Maryland,4098000,242089,29087,437,1289,14107,13254,213002,57912,133908,21182,5907.5,709.8,10.7,31.5,344.2,323.4,5197.7,1413.2,3267.6,516.9
1975,26,Michigan,9157000,622707,62792,1086,3488,32334,25884,559915,173231,327174,59510,6800.3,685.7,11.9,38.1,353.1,282.7,6114.6,1891.8,3572.9,649.9
1975,44,Rhode Island,927000,52318,2802,28,101,889,1784,49516,13407,26683,9426,5643.8,302.3,3,10.9,95.9,192.4,5341.5,1446.3,2878.4,1016.8
1975,51,Virginia,4967000,225821,18917,570,1194,6878,10275,206904,57901,135634,13369,4546.5,380.9,11.5,24,138.5,206.9,4165.6,1165.7,2730.7,269.2
1975,53,Washington,3544000,217634,13851,202,1160,4395,8094,203783,61065,129060,13658,6140.9,390.8,5.7,32.7,124,228.4,5750.1,1723.1,3641.6,385.4
1976,2,Alaska,382000,23763,2063,43,179,477,1364,21700,4653,13969,3078,6220.7,540.1,11.3,46.9,124.9,357.1,5680.6,1218.1,3656.8,805.8
1976,15,Hawaii,887000,56076,2034,55,209,1180,590,54042,16690,32544,4808,6322,229.3,6.2,23.6,133,66.5,6092.7,1881.6,3669,542.1
1976,24,Maryland,4144000,234732,26249,352,1327,12247,12323,208483,56356,134355,17772,5664.4,633.4,8.5,32,295.5,297.4,5031,1359.9,3242.2,428.9
1976,26,Michigan,9104000,589779,58814,1014,3287,30284,24229,530965,151901,323243,55821,6478.2,646,11.1,36.1,332.6,266.1,5832.2,1668.5,3550.6,613.1
1976,44,Rhode Island,927000,52377,2779,22,79,844,1834,49598,13110,28279,8209,5650.2,299.8,2.4,8.5,91,197.8,5350.4,1414.2,3050.6,885.5
1976,51,Virginia,5032000,211501,15485,476,1115,5444,8450,196016,51279,133360,11377,4203.1,307.7,9.5,22.2,108.2,167.9,3895.4,1019.1,2650.2,226.1
1976,53,Washington,3612000,209280,14036,154,1238,4317,8327,195244,59324,123324,12596,5794,388.6,4.3,34.3,119.5,230.5,5405.4,1642.4,3414.3,348.7
1977,2,Alaska,407000,24005,1804,44,210,394,1156,22201,5420,13715,3066,5898,443.2,10.8,51.6,96.8,284,5454.8,1331.7,3369.8,753.3
1977,15,Hawaii,895000,58588,2012,64,228,1146,574,56576,17108,35088,4380,6546.1,224.8,7.2,25.5,128,64.1,6321.3,1911.5,3920.4,489.4
1977,24,Maryland,4139000,235922,28716,333,1439,12088,14856,207206,57946,131526,17734,5700,693.8,8,34.8,292.1,358.9,5006.2,1400,3177.7,428.5
1977,26,Michigan,9129000,530577,53381,853,3555,23905,25068,477196,139006,288387,49803,5812,584.7,9.3,38.9,261.9,274.6,5227.3,1522.7,3159,545.5
1977,44,Rhode Island,935000,50739,2820,34,98,809,1879,47919,13927,26592,7400,5426.6,301.6,3.6,10.5,86.5,201,5125,1489.5,2844.1,791.4
1977,51,Virginia,5135000,206636,14893,460,1199,4727,8507,191743,50640,129464,11639,4024,290,9,23.3,92.1,165.7,3734,986.2,2521.2,226.7
1977,53,Washington,3658000,209521,13714,159,1447,3886,8222,195807,58732,123894,13181,5727.7,374.9,4.3,39.6,106.2,224.8,5352.8,1605.6,3386.9,360.3
1978,2,Alaska,403000,24366,1781,52,224,368,1137,22585,5397,14522,2666,6046.1,441.9,12.9,55.6,91.3,282.1,5604.2,1339.2,3603.5,661.5
1978,15,Hawaii,897000,64011,2423,60,232,1557,574,61588,17381,39087,5120,7136.1,270.1,6.7,25.9,173.6,64,6866,1937.7,4357.5,570.8
1978,24,Maryland,4143000,240858,30328,338,1476,12828,15686,210530,58907,134024,17599,5813.6,732,8.2,35.6,309.6,378.6,5081.6,1421.8,3235,424.8
1978,26,Michigan,9189000,514042,53040,972,3636,20153,28279,461002,132716,279958,48328,5594.1,577.2,10.6,39.6,219.3,307.7,5016.9,1444.3,3046.7,525.9
1978,44,Rhode Island,935000,49202,3255,37,103,918,2197,45947,13021,25379,7547,5262.2,348.1,4,11,98.2,235,4914.1,1392.6,2714.3,807.2
1978,51,Virginia,5148000,209677,14743,452,1168,5000,8123,194934,51006,132140,11788,4073,286.4,8.8,22.7,97.1,157.8,3786.6,990.8,2566.8,229
1978,53,Washington,3774000,230802,15296,175,1556,4719,8846,215506,66672,133931,14903,6115.6,405.3,4.6,41.2,125,234.4,5710.3,1766.6,3548.8,394.9
1979,2,Alaska,406000,25187,1994,54,292,445,1203,23193,5616,15076,2501,6203.7,491.1,13.3,71.9,109.6,296.3,5712.6,1383.3,3713.3,616
1979,15,Hawaii,915000,66315,2651,66,296,1688,601,63664,16538,40580,6546,7247.5,289.7,7.2,32.3,184.5,65.7,6957.8,1807.4,4435,715.4
1979,24,Maryland,4149000,261166,33007,406,1636,13740,17225,228159,62630,145297,20232,6294.6,795.5,9.8,39.4,331.2,415.2,5499.1,1509.5,3502,487.6
1979,26,Michigan,9208000,566015,56558,834,4100,20218,31406,509457,138806,315211,55440,6147,614.2,9.1,44.5,219.6,341.1,5532.8,1507.5,3423.2,602.1
1979,44,Rhode Island,929000,53599,3485,30,141,1019,2295,50114,14400,28347,7367,5769.5,375.1,3.2,15.2,109.7,247,5394.4,1550.1,3051.3,793
1979,51,Virginia,5197000,226656,15642,447,1407,5799,7989,211014,56265,141923,12826,4361.3,301,8.6,27.1,111.6,153.7,4060.3,1082.6,2730.9,246.8
1979,53,Washington,3926000,256349,17064,187,1821,4739,10317,239285,70024,152204,17057,6529.5,434.6,4.8,46.4,120.7,262.8,6094.9,1783.6,3876.8,434.5
1980,2,Alaska,440142,24849,1919,39,250,360,1270,22930,5545,14916,2469,5645.7,436,8.9,56.8,81.8,288.5,5209.7,1259.8,3388.9,561
1980,15,Hawaii,964680,72180,2889,84,335,1835,635,69291,17822,45564,5905,7482.3,299.5,8.7,34.7,190.2,65.8,7182.8,1847.5,4723.2,612.1
1980,24,Maryland,4192211,277949,35735,399,1681,16461,17194,242214,71183,152144,18887,6630.1,852.4,9.5,40.1,392.7,410.1,5777.7,1698,3629.2,450.5
1980,26,Michigan,9228128,616065,59014,940,4304,22519,31251,557051,160688,342384,53979,6675.9,639.5,10.2,46.6,244,338.6,6036.4,1741.3,3710.2,584.9
1980,44,Rhode Island,945835,56113,3864,42,162,1122,2538,52249,16233,28037,7979,5932.6,408.5,4.4,17.1,118.6,268.3,5524.1,1716.3,2964.3,843.6
1980,51,Virginia,5323412,245942,16355,459,1458,6392,8046,229587,64020,153437,12130,4620,307.2,8.6,27.4,120.1,151.1,4312.8,1202.6,2882.3,227.9
1980,53,Washington,4113331,284436,19098,225,2169,5558,11146,265338,76598,172468,16272,6915,464.3,5.5,52.7,135.1,271,6450.7,1862.2,4192.9,395.6
1981,2,Alaska,412000,27171,2537,60,421,472,1584,24634,5479,16310,2845,6594.9,615.8,14.6,102.2,114.6,384.5,5979.1,1329.9,3958.7,690.5
1981,15,Hawaii,979000,64060,2424,47,340,1453,584,61636,16726,40699,4211,6543.4,247.6,4.8,34.7,148.4,59.7,6295.8,1708.5,4157.2,430.1
1981,24,Maryland,4261000,279425,37800,421,1654,18085,17640,241625,70740,152405,18480,6557.7,887.1,9.9,38.8,424.4,414,5670.6,1660.2,3576.7,433.7
1981,26,Michigan,9201000,630640,59058,861,4366,23688,30143,571582,171331,341805,58446,6854.1,641.9,9.4,47.5,257.5,327.6,6212.2,1862.1,3714.9,635.2
1981,44,Rhode Island,952000,55709,4205,40,170,1257,2738,51504,15755,27525,8224,5851.8,441.7,4.2,17.9,132,287.6,5410.1,1654.9,2891.3,863.9
1981,51,Virginia,5426000,253440,17456,464,1478,7229,8285,235984,63350,161678,10956,4670.8,321.7,8.6,27.2,133.2,152.7,4349.1,1167.5,2979.7,201.9
1981,53,Washington,4212000,283974,18839,213,2115,5475,11036,265135,79696,171994,13445,6742.1,447.3,5.1,50.2,130,262,6294.8,1892.1,4083.4,319.2
1982,2,Alaska,438000,27211,2732,81,374,586,1691,24479,5204,16672,2603,6212.5,623.7,18.5,85.4,133.8,386.1,5588.8,1188.1,3806.4,594.3
1982,15,Hawaii,994000,65448,2542,31,342,1560,609,62906,16477,42248,4181,6584.3,255.7,3.1,34.4,156.9,61.3,6328.6,1657.6,4250.3,420.6
1982,24,Maryland,4265000,256428,36254,432,1596,15377,18849,220174,60547,142903,16724,6012.3,850,10.1,37.4,360.5,441.9,5162.3,1419.6,3350.6,392.1
1982,26,Michigan,9109000,618001,59806,827,4246,24699,30034,558195,165155,330031,63009,6784.6,656.6,9.1,46.6,271.1,329.7,6128,1813.1,3623.1,691.7
1982,44,Rhode Island,958000,51388,3849,35,186,1099,2529,47539,13414,27077,7048,5364.1,401.8,3.7,19.4,114.7,264,4962.3,1400.2,2826.4,735.7
1982,51,Virginia,5491000,233683,16970,405,1366,6708,8491,216713,53457,153148,10108,4255.8,309.1,7.4,24.9,122.2,154.6,3946.7,973.5,2789.1,184.1
1982,53,Washington,4245000,266680,17251,185,1947,5003,10116,249429,71322,166188,11919,6282.2,406.4,4.4,45.9,117.9,238.3,5875.8,1680.1,3914.9,280.8
1983,2,Alaska,479000,28829,2940,66,486,465,1923,25889,5720,17085,3084,6018.6,613.8,13.8,101.5,97.1,401.5,5404.8,1194.2,3566.8,643.8
1983,15,Hawaii,1023000,59432,2579,57,301,1330,891,56853,13636,38920,4297,5809.6,252.1,5.6,29.4,130,87.1,5557.5,1332.9,3804.5,420
1983,24,Maryland,4304000,230564,34736,367,1412,14950,18007,195828,52697,127443,15688,5357,807.1,8.5,32.8,347.4,418.4,4549.9,1224.4,2961,364.5
1983,26,Michigan,9069000,587443,64993,910,5085,25873,33125,522450,153438,302118,66894,6477.5,716.7,10,56.1,285.3,365.3,5760.8,1691.9,3331.3,737.6
1983,44,Rhode Island,955000,47802,3392,26,160,1078,2128,44410,12722,25463,6225,5005.5,355.2,2.7,16.8,112.9,222.8,4650.3,1332.1,2666.3,651.8
1983,51,Virginia,5550000,219868,16236,387,1370,6132,8347,203632,51055,142714,9863,3961.5,292.5,7,24.7,110.5,150.4,3669,919.9,2571.4,177.7
1983,53,Washington,4300000,261343,15986,212,1923,4533,9318,245357,70526,163953,10878,6077.8,371.8,4.9,44.7,105.4,216.7,5706,1640.1,3812.9,253
1984,2,Alaska,500000,30576,3108,58,458,547,2045,27468,6184,18140,3144,6115.2,621.6,11.6,91.6,109.4,409,5493.6,1236.8,3628,628.8
1984,15,Hawaii,1039000,56982,2409,34,314,1204,857,54573,12609,38329,3635,5484.4,231.9,3.3,30.2,115.9,82.5,5252.5,1213.6,3689,349.9
1984,24,Maryland,4349000,226780,34455,354,1640,13097,19364,192325,51484,123567,17274,5214.6,792.3,8.1,37.7,301.1,445.3,4422.3,1183.8,2841.3,397.2
1984,26,Michigan,9075000,594958,68979,879,5880,27832,34388,525979,149209,298192,78578,6556,760.1,9.7,64.8,306.7,378.9,5795.9,1644.2,3285.9,865.9
1984,44,Rhode Island,962000,45926,3220,33,205,1091,1891,42706,11396,24654,6656,4774,334.7,3.4,21.3,113.4,196.6,4439.3,1184.6,2562.8,691.9
1984,51,Virginia,5636000,213241,16660,434,1503,5765,8958,196581,47436,138808,10337,3783.6,295.6,7.7,26.7,102.3,158.9,3488,841.7,2462.9,183.4
1984,53,Washington,4349000,265363,17676,202,2176,5247,10051,247687,74021,162905,10761,6101.7,406.4,4.6,50,120.6,231.1,5695.3,1702,3745.8,247.4
1985,2,Alaska,521000,30619,3031,51,402,484,2094,27588,6209,18220,3159,5877,581.8,9.8,77.2,92.9,401.9,5295.2,1191.7,3497.1,606.3
1985,15,Hawaii,1054000,54814,2313,43,310,1048,912,52501,12164,37357,2980,5200.5,219.4,4.1,29.4,99.4,86.5,4981.1,1154.1,3544.3,282.7
1985,24,Maryland,4392000,235973,36655,348,1700,13272,21335,199318,52995,126077,20246,5372.8,834.6,7.9,38.7,302.2,485.8,4538.2,1206.6,2870.6,461
1985,26,Michigan,9088000,578566,66714,1018,6140,26572,32984,511852,138792,297827,75233,6366.3,734.1,11.2,67.6,292.4,362.9,5632.2,1527.2,3277.1,827.8
1985,44,Rhode Island,968000,45723,3355,35,253,1122,1945,42368,11929,24119,6320,4723.5,346.6,3.6,26.1,115.9,200.9,4376.9,1232.3,2491.6,652.9
1985,51,Virginia,5706000,215634,16813,405,1551,5720,9137,198821,44797,142800,11224,3779.1,294.7,7.1,27.2,100.2,160.1,3484.4,785.1,2502.6,196.7
1985,53,Washington,4409000,287856,18757,231,2420,5821,10285,269099,79859,176501,12739,6528.8,425.4,5.2,54.9,132,233.3,6103.4,1811.3,4003.2,288.9
1986,2,Alaska,534000,33353,3046,46,388,470,2142,30307,6204,20879,3224,6245.9,570.4,8.6,72.7,88,401.1,5675.5,1161.8,3909.9,603.7
1986,15,Hawaii,1062000,60230,2604,51,329,1129,1095,57626,14218,39922,3486,5671.4,245.2,4.8,31,106.3,103.1,5426.2,1338.8,3759.1,328.2
1986,24,Maryland,4463000,250008,37177,401,1944,13569,21263,212831,55593,132904,24334,5601.8,833,9,43.6,304,476.4,4768.8,1245.6,2977.9,545.2
1986,26,Michigan,9145000,593644,73517,1032,6167,27550,38768,520127,138040,308894,73193,6491.5,803.9,11.3,67.4,301.3,423.9,5687.6,1509.5,3377.7,800.4
1986,44,Rhode Island,975000,47799,3271,34,209,1157,1871,44528,12616,25041,6871,4902.5,335.5,3.5,21.4,118.7,191.9,4567,1293.9,2568.3,704.7
1986,51,Virginia,5787000,223366,17708,411,1533,6118,9646,205658,47021,145935,12702,3859.8,306,7.1,26.5,105.7,166.7,3553.8,812.5,2521.8,219.5
1986,53,Washington,4463000,307040,19505,223,2382,6031,10869,287535,83078,190420,14037,6879.6,437,5,53.4,135.1,243.5,6442.6,1861.5,4266.6,314.5
1987,2,Alaska,525000,28232,2391,53,341,384,1613,25841,5093,18195,2553,5377.5,455.4,10.1,65,73.1,307.2,4922.1,970.1,3465.7,486.3
1987,15,Hawaii,1083000,63008,2851,52,393,1061,1345,60157,12515,43678,3964,5818,263.3,4.8,36.3,98,124.2,5554.7,1155.6,4033.1,366
1987,24,Maryland,4535000,248409,34820,436,1795,13164,19425,213589,52718,134485,26386,5477.6,767.8,9.6,39.6,290.3,428.3,4709.8,1162.5,2965.5,581.8
1987,26,Michigan,9200000,594026,71772,1124,6184,25442,39022,522254,133602,319470,69182,6456.8,780.1,12.2,67.2,276.5,424.2,5676.7,1452.2,3472.5,752
1987,44,Rhode Island,986000,52115,3547,35,241,1062,2209,48568,14208,26635,7725,5285.5,359.7,3.5,24.4,107.7,224,4925.8,1441,2701.3,783.5
1987,51,Virginia,5904000,233768,17414,437,1537,6244,9196,216354,47642,153690,15022,3959.5,295,7.4,26,105.8,155.8,3664.5,806.9,2603.2,254.4
1987,53,Washington,4538000,318436,19945,256,2370,6417,10902,298491,86428,194131,17932,7017.1,439.5,5.6,52.2,141.4,240.2,6577.6,1904.5,4277.9,395.2
1988,2,Alaska,513000,25248,2682,29,296,374,1983,22566,4321,15911,2334,4921.6,522.8,5.7,57.7,72.9,386.5,4398.8,842.3,3101.6,455
1988,15,Hawaii,1093000,65460,2810,44,355,919,1492,62650,13726,44946,3978,5989,257.1,4,32.5,84.1,136.5,5731.9,1255.8,4112.2,364
1988,24,Maryland,4644000,264923,37466,449,1721,13994,21302,227457,54735,141509,31213,5704.7,806.8,9.7,37.1,301.3,458.7,4897.9,1178.6,3047.1,672.1
1988,26,Michigan,9300000,565847,68980,1009,6462,22424,39085,496867,122254,305693,68920,6084.4,741.7,10.8,69.5,241.1,420.3,5342.7,1314.6,3287,741.1
1988,44,Rhode Island,995000,51784,3947,41,303,1146,2457,47837,12550,27049,8238,5204.4,396.7,4.1,30.5,115.2,246.9,4807.7,1261.3,2718.5,827.9
1988,51,Virginia,5996000,250436,17940,468,1622,6748,9102,232496,49069,165343,18084,4176.7,299.2,7.8,27.1,112.5,151.8,3877.5,818.4,2757.6,301.6
1988,53,Washington,4619000,328551,21543,264,2611,6738,11930,307008,85711,201301,19996,7113,466.4,5.7,56.5,145.9,258.3,6646.6,1855.6,4358.1,432.9
1989,2,Alaska,527000,25190,2623,42,279,356,1946,22567,4358,15811,2398,4779.9,497.7,8,52.9,67.6,369.3,4282.2,826.9,3000.2,455
1989,15,Hawaii,1112000,69727,3004,53,496,925,1530,66723,14939,47374,4410,6270.4,270.1,4.8,44.6,83.2,137.6,6000.3,1343.4,4260.3,396.6
1989,24,Maryland,4694000,261107,40152,544,1783,15589,22236,220955,52735,137043,31177,5562.6,855.4,11.6,38,332.1,473.7,4707.2,1123.5,2919.5,664.2
1989,26,Michigan,9273000,553442,65760,993,6624,20616,37527,487682,113579,307096,67007,5968.4,709.2,10.7,71.4,222.3,404.7,5259.2,1224.8,3311.7,722.6
1989,44,Rhode Island,998000,52144,3772,49,266,1122,2335,48372,12045,27104,9223,5224.9,378,4.9,26.7,112.4,234,4846.9,1206.9,2715.8,924.1
1989,51,Virginia,6098000,256814,19057,480,1638,6494,10445,237757,46156,172645,18956,4211.4,312.5,7.9,26.9,106.5,171.3,3898.9,756.9,2831.2,310.9
1989,53,Washington,4761000,313932,22460,209,2938,6672,12641,291472,73563,196122,21787,6593.8,471.7,4.4,61.7,140.1,265.5,6122.1,1545.1,4119.3,457.6
1990,2,Alaska,550043,28342,2885,41,401,422,2021,25457,4919,17428,3110,5152.7,524.5,7.5,72.9,76.7,367.4,4628.2,894.3,3168.5,565.4
1990,15,Hawaii,1108229,67676,3113,44,360,1013,1696,64563,13611,46735,4217,6106.7,280.9,4,32.5,91.4,153,5825.8,1228.2,4217.1,380.5
1990,24,Maryland,4781468,278782,43940,552,2185,17394,23809,234842,53549,147407,33886,5830.5,919,11.5,45.7,363.8,497.9,4911.5,1119.9,3082.9,708.7
1990,26,Michigan,9295297,557232,73468,971,7209,21752,43536,483764,106275,311153,66336,5994.8,790.4,10.4,77.6,234,468.4,5204.4,1143.3,3347.4,713.7
1990,44,Rhode Island,1003464,53712,4334,48,248,1224,2814,49378,12755,27046,9577,5352.7,431.9,4.8,24.7,122,280.4,4920.8,1271.1,2695.3,954.4
1990,51,Virginia,6187358,274757,21694,545,1915,7626,11608,253063,45236,187564,20263,4440.6,350.6,8.8,31,123.3,187.6,4090,731.1,3031.4,327.5
1990,53,Washington,4866692,302850,24410,238,3115,6326,14731,278440,61460,195221,21759,6222.9,501.6,4.9,64,130,302.7,5721.3,1262.9,4011.4,447.1
1991,2,Alaska,570000,32499,3499,42,523,645,2289,29000,5582,20375,3043,5701.6,613.9,7.4,91.8,113.2,401.6,5087.7,979.3,3574.6,533.9
1991,15,Hawaii,1135000,67764,2744,45,375,986,1338,65020,14011,47195,3814,5970.4,241.8,4,33,86.9,117.9,5728.6,1234.4,4158.1,336
1991,24,Maryland,4860000,301768,46469,569,2229,19783,23888,255299,56258,163524,35517,6209.3,956.2,11.7,45.9,407.1,491.5,5253.1,1157.6,3364.7,730.8
1991,26,Michigan,9368000,575013,75232,1009,7372,22790,44061,499781,111126,324985,63670,6138.1,803.1,10.8,78.7,243.3,470.3,5335,1186.2,3469.1,679.7
1991,44,Rhode Island,1004000,50595,4638,37,310,1234,3057,45957,11320,26664,7973,5039.4,462,3.7,30.9,122.9,304.5,4577.4,1127.5,2655.8,794.1
1991,51,Virginia,6286000,289619,23459,583,1879,8651,12346,266160,49224,195652,21284,4607.4,373.2,9.3,29.9,137.6,196.4,4234.2,783.1,3112.5,338.6
1991,53,Washington,5018000,316339,26224,211,3529,7303,15181,290115,61996,205814,22305,6304.1,522.6,4.2,70.3,145.5,302.5,5781.5,1235.5,4101.5,444.5
1992,2,Alaska,587000,32693,3877,44,579,640,2614,28816,5170,20728,2918,5569.5,660.5,7.5,98.6,109,445.3,4909,880.7,3531.2,497.1
1992,15,Hawaii,1160000,70899,2998,42,440,1151,1365,67901,13006,50544,4351,6111.9,258.4,3.6,37.9,99.2,117.7,5853.5,1121.2,4357.2,375.1
1992,24,Maryland,4908000,305503,49085,596,2278,21054,25157,256418,55520,165244,35654,6224.6,1000.1,12.1,46.4,429,512.6,5224.5,1131.2,3366.8,726.4
1992,26,Michigan,9437000,529472,72672,938,7550,20902,43282,456800,98257,299486,59057,5610.6,770.1,9.9,80,221.5,458.6,4840.5,1041.2,3173.5,625.8
1992,44,Rhode Island,1005000,46009,3965,36,311,950,2668,42044,10529,24052,7463,4578,394.5,3.6,30.9,94.5,265.5,4183.5,1047.7,2393.2,742.6
1992,51,Virginia,6377000,274118,23907,564,2008,8787,12548,250211,45217,185506,19488,4298.5,374.9,8.8,31.5,137.8,196.8,3923.6,709.1,2909,305.6
1992,53,Washington,5136000,317035,27454,258,3697,7178,16321,289581,57612,207755,24214,6172.8,534.5,5,72,139.8,317.8,5638.3,1121.7,4045.1,471.5
1993,2,Alaska,599000,33352,4557,54,502,733,3268,28795,4893,21201,2701,5568,760.8,9,83.8,122.4,545.6,4807.2,816.9,3539.4,450.9
1993,15,Hawaii,1172000,73566,3061,45,394,1214,1408,70505,13310,51912,5283,6277,261.2,3.8,33.6,103.6,120.1,6015.8,1135.7,4429.4,450.8
1993,24,Maryland,4965000,303187,49540,632,2185,21582,25141,253647,56246,163471,33930,6106.5,997.8,12.7,44,434.7,506.4,5108.7,1132.8,3292.5,683.4
1993,26,Michigan,9478000,516788,75021,933,6740,22601,44747,441767,93143,290333,58291,5452.5,791.5,9.8,71.1,238.5,472.1,4661,982.7,3063.2,615
1993,44,Rhode Island,1000000,44990,4017,39,286,1011,2681,40973,10409,24101,6463,4499,401.7,3.9,28.6,101.1,268.1,4097.3,1040.9,2410.1,646.3
1993,51,Virginia,6491000,267135,24160,539,2083,9216,12322,242975,43338,181104,18533,4115.5,372.2,8.3,32.1,142,189.8,3743.3,667.7,2790.1,285.5
1993,53,Washington,5255000,312793,27040,271,3384,7204,16181,285753,56083,205701,23969,5952.3,514.6,5.2,64.4,137.1,307.9,5437.7,1067.2,3914.4,456.1
1994,2,Alaska,606000,34591,4644,38,418,886,3302,29947,4848,21824,3275,5708,766.3,6.3,69,146.2,544.9,4941.7,800,3601.3,540.4
1994,15,Hawaii,1179000,78763,3091,50,359,1221,1461,75672,14029,55260,6383,6680.5,262.2,4.2,30.4,103.6,123.9,6418.3,1189.9,4687,541.4
1994,24,Maryland,5006000,306496,47457,579,2035,20147,24696,259039,52234,168608,38197,6122.6,948,11.6,40.7,402.5,493.3,5174.6,1043.4,3368.1,763
1994,26,Michigan,9496000,517076,72751,927,6720,21733,43371,444325,91849,290172,62304,5445.2,766.1,9.8,70.8,228.9,456.7,4679.1,967.2,3055.7,656.1
1994,44,Rhode Island,997000,41067,3744,41,273,870,2560,37323,9101,23039,5183,4119,375.5,4.1,27.4,87.3,256.8,3743.5,912.8,2310.8,519.9
1994,51,Virginia,6552000,265200,23437,571,1868,8704,12294,241763,41855,181619,18289,4047.6,357.7,8.7,28.5,132.8,187.6,3689.9,638.8,2772,279.1
1994,53,Washington,5343000,322051,27317,294,3230,7464,16329,294734,55793,212198,26743,6027.6,511.3,5.5,60.5,139.7,305.6,5516.3,1044.2,3971.5,500.5
1995,2,Alaska,604000,34753,4656,55,485,937,3179,30097,5055,21891,3151,5753.8,770.9,9.1,80.3,155.1,526.3,4982.9,836.9,3624.3,521.7
1995,15,Hawaii,1187000,85447,3509,56,336,1553,1564,81938,13832,59907,8199,7198.5,295.6,4.7,28.3,130.8,131.8,6902.9,1165.3,5046.9,690.7
1995,24,Maryland,5042000,317382,49757,596,2130,21334,25697,267625,53320,178126,36179,6294.8,986.9,11.8,42.2,423.1,509.7,5307.9,1057.5,3532.8,717.6
1995,26,Michigan,9549000,494903,65680,808,5917,17885,41070,429223,86872,280712,61639,5182.8,687.8,8.5,62,187.3,430.1,4495,909.7,2939.7,645.5
1995,44,Rhode Island,990000,42021,3643,33,267,914,2429,38378,9234,24780,4364,4244.6,368,3.3,27,92.3,245.4,3876.6,932.7,2503,440.8
1995,51,Virginia,6618000,264005,23921,503,1799,8718,12901,240084,39388,181333,19363,3989.2,361.5,7.6,27.2,131.7,194.9,3627.7,595.2,2740,292.6
1995,53,Washington,5431000,340513,26300,275,3214,7209,15602,314213,59265,224861,30087,6269.8,484.3,5.1,59.2,132.7,287.3,5785.5,1091.2,4140.3,554
1996,2,Alaska,607000,33084,4417,45,398,710,3264,28667,5118,20557,2992,5450.4,727.7,7.4,65.6,117,537.7,4722.7,843.2,3386.7,492.9
1996,15,Hawaii,1184000,77961,3322,40,326,1606,1350,74639,12781,54701,7157,6584.6,280.6,3.4,27.5,135.6,114,6304,1079.5,4620,604.5
1996,24,Maryland,5072000,307461,47230,588,1905,19944,24793,260231,50331,173817,36083,6061.9,931.2,11.6,37.6,393.2,488.8,5130.7,992.3,3427,711.4
1996,26,Michigan,9594000,490971,60951,722,5466,16907,37856,430020,85908,276909,67203,5117.5,635.3,7.5,57,176.2,394.6,4482.2,895.4,2886.3,700.5
1996,44,Rhode Island,990000,39536,3437,25,287,824,2301,36099,8135,23367,4597,3993.6,347.2,2.5,29,83.2,232.4,3646.4,821.7,2360.3,464.3
1996,51,Virginia,6675000,264882,22782,500,1783,8181,12318,242100,39255,184237,18608,3968.3,341.3,7.5,26.7,122.6,184.5,3627,588.1,2760.1,278.8
1996,53,Washington,5533000,326968,23857,255,2828,6587,14187,303111,58512,215706,28893,5909.4,431.2,4.6,51.1,119,256.4,5478.2,1057.5,3898.5,522.2
1997,2,Alaska,609000,32110,4270,54,403,648,3165,27840,4276,20780,2784,5272.5,701.1,8.9,66.2,106.4,519.7,4571.4,702.1,3412.2,457.1
1997,15,Hawaii,1187000,71492,3299,47,371,1403,1478,68193,12741,48984,6468,6022.9,277.9,4,31.3,118.2,124.5,5745,1073.4,4126.7,544.9
1997,24,Maryland,5094000,287969,43127,502,1814,17157,23654,244842,47918,166256,30668,5653.1,846.6,9.9,35.6,336.8,464.4,4806.5,940.7,3263.8,602
1997,26,Michigan,9774000,480579,57663,759,5070,14934,36900,422916,80726,276863,65327,4916.9,590,7.8,51.9,152.8,377.5,4326.9,825.9,2832.6,668.4
1997,44,Rhode Island,987000,36069,3292,25,363,707,2197,32777,7083,21499,4195,3654.4,333.5,2.5,36.8,71.6,222.6,3320.9,717.6,2178.2,425
1997,51,Virginia,6734000,261022,23249,488,1819,8384,12558,237773,38475,180406,18892,3876.1,345.2,7.2,27,124.5,186.5,3530.9,571.4,2679,280.5
1997,53,Washington,5610000,332466,24724,244,2885,6734,14864,307742,62064,213823,31855,5926.3,440.7,4.3,51.4,120,265,5485.6,1106.3,3811.5,567.8
1998,2,Alaska,614000,29331,4015,41,421,532,3021,25316,4098,18611,2607,4777,653.9,6.7,68.6,86.6,492,4123.1,667.4,3031.1,424.6
1998,15,Hawaii,1193000,63623,2946,24,352,1225,1345,60677,11169,43914,5594,5333,246.9,2,29.5,102.7,112.7,5086.1,936.2,3681,468.9
1998,24,Maryland,5135000,275527,40903,513,1714,15339,23337,234624,47393,159019,28212,5365.7,796.6,10,33.4,298.7,454.5,4569.1,922.9,3096.8,549.4
1998,26,Michigan,9817000,459720,60947,721,4946,15293,39987,398773,82249,258186,58338,4682.9,620.8,7.3,50.4,155.8,407.3,4062.1,837.8,2630,594.3
1998,44,Rhode Island,988000,34756,3084,24,351,659,2050,31672,6452,21391,3829,3517.8,312.1,2.4,35.5,66.7,207.5,3205.7,653,2165.1,387.6
1998,51,Virginia,6791000,248576,22115,422,1810,7171,12712,226461,38094,170012,18355,3660.4,325.7,6.2,26.7,105.6,187.2,3334.7,560.9,2503.5,270.3
1998,53,Washington,5689000,333799,24380,224,2740,6577,14839,309419,60446,213773,35200,5867.4,428.5,3.9,48.2,115.6,260.8,5438.9,1062.5,3757.7,618.7
1999,2,Alaska,619500,27007,3908,52,517,566,2773,23099,3787,16654,2658,4359.5,630.8,8.4,83.5,91.4,447.6,3728.7,611.3,2688.3,429.1
1999,15,Hawaii,1185497,57324,2785,44,354,1044,1343,54539,9421,40458,4660,4835.4,234.9,3.7,29.9,88.1,113.3,4600.5,794.7,3412.7,393.1
1999,24,Maryland,5171634,254420,38447,465,1551,13636,22795,215973,43230,147296,25447,4919.5,743.4,9,30,263.7,440.8,4176.1,835.9,2848.2,492
1999,26,Michigan,9863775,426596,56709,695,4849,14103,37062,369887,76736,236351,56800,4324.9,574.9,7,49.2,143,375.7,3750,778,2396.2,575.8
1999,44,Rhode Island,990819,35497,2840,36,391,788,1625,32657,6341,22284,4032,3582.6,286.6,3.6,39.5,79.5,164,3296,640,2249,406.9
1999,51,Virginia,6872912,231886,21626,392,1720,6947,12567,210260,32411,159896,17953,3374,314.7,5.7,25,101.1,182.8,3059.3,471.6,2326.5,261.2
1999,53,Washington,5756361,302509,21716,171,2711,5808,13026,280793,54652,192334,33807,5255.3,377.3,3,47.1,100.9,226.3,4878,949.4,3341.2,587.3
2000,2,Alaska,626932,26641,3554,27,497,490,2540,23087,3899,16838,2350,4249.4,566.9,4.3,79.3,78.2,405.1,3682.5,621.9,2685.8,374.8
2000,15,Hawaii,1211537,62987,2954,35,346,1123,1450,60033,10665,43254,6114,5198.9,243.8,2.9,28.6,92.7,119.7,4955.1,880.3,3570.2,504.6
2000,24,Maryland,5296486,255085,41663,430,1543,13560,26130,213422,39426,145423,28573,4816.1,786.6,8.1,29.1,256,493.3,4029.5,744.4,2745.7,539.5
2000,26,Michigan,9938444,408456,55159,669,5025,13712,35753,353297,69790,227783,55724,4109.9,555,6.7,50.6,138,359.7,3554.9,702.2,2291.9,560.7
2000,44,Rhode Island,1048319,36444,3121,45,412,922,1742,33323,6620,22038,4665,3476.4,297.7,4.3,39.3,88,166.2,3178.7,631.5,2102.2,445
2000,51,Virginia,7078515,214348,19943,401,1616,6295,11631,194405,30434,146158,17813,3028.1,281.7,5.7,22.8,88.9,164.3,2746.4,429.9,2064.8,251.6
2000,53,Washington,5894121,300932,21788,196,2737,5812,13043,279144,53476,190650,35018,5105.7,369.7,3.3,46.4,98.6,221.3,4736,907.3,3234.6,594.1
2001,2,Alaska,633630,26895,3735,39,501,514,2681,23160,3847,16695,2618,4244.6,589.5,6.2,79.1,81.1,423.1,3655.1,607.1,2634.8,413.2
2001,15,Hawaii,1227024,65947,3117,32,409,1142,1534,62830,11162,44925,6743,5374.5,254,2.6,33.3,93.1,125,5120.5,909.7,3661.3,549.5
2001,24,Maryland,5386079,261600,42088,446,1449,13525,26668,219512,41553,145934,32025,4856.9,781.4,8.3,26.9,251.1,495.1,4075.5,771.5,2709.5,594.6
2001,26,Michigan,10006266,407777,55424,672,5264,12937,36551,352353,72038,226708,53607,4075.2,553.9,6.7,52.6,129.3,365.3,3521.3,719.9,2265.7,535.7
2001,44,Rhode Island,1059659,39020,3278,39,416,986,1837,35742,6824,23875,5043,3682.3,309.3,3.7,39.3,93,173.4,3373,644,2253.1,475.9
2001,51,Virginia,7196750,228445,20939,364,1770,6860,11945,207506,31604,157060,18842,3174.3,291,5.1,24.6,95.3,166,2883.3,439.1,2182.4,261.8
2001,53,Washington,5993390,308492,21258,179,2600,5934,12545,287234,53024,195133,39077,5147.2,354.7,3,43.4,99,209.3,4792.5,884.7,3255.8,652
2002,2,Alaska,641482,27745,3627,33,511,489,2594,24118,3908,17739,2471,4325.1,565.4,5.1,79.7,76.2,404.4,3759.7,609.2,2765.3,385.2
2002,15,Hawaii,1240663,75238,3262,24,372,1210,1656,71976,12722,49344,9910,6064.3,262.9,1.9,30,97.5,133.5,5801.4,1025.4,3977.2,798.8
2002,24,Maryland,5450525,259120,42015,513,1370,13417,26715,217105,39765,143320,34020,4754,770.8,9.4,25.1,246.2,490.1,3983.2,729.6,2629.5,624.2
2002,26,Michigan,10043221,389366,54306,678,5364,11847,36417,335060,70970,214367,49723,3876.9,540.7,6.8,53.4,118,362.6,3336.2,706.6,2134.4,495.1
2002,44,Rhode Island,1068326,38393,3051,41,395,916,1699,35342,6415,24051,4876,3593.8,285.6,3.8,37,85.7,159,3308.2,600.5,2251.3,456.4
2002,51,Virginia,7287829,229039,21256,388,1839,6961,12068,207783,31757,157548,18478,3142.8,291.7,5.3,25.2,95.5,165.6,2851.1,435.8,2161.8,253.5
2002,53,Washington,6067060,309931,20964,184,2734,5797,12249,288967,54948,193526,40493,5108.4,345.5,3,45.1,95.5,201.9,4762.9,905.7,3189.8,667.4
2003,2,Alaska,648280,28263,3877,39,605,446,2787,24386,3874,18051,2461,4359.6,598,6,93.3,68.8,429.9,3761.6,597.6,2784.4,379.6
2003,15,Hawaii,1248755,69267,3400,22,367,1168,1843,65867,11409,44807,9651,5546.9,272.3,1.8,29.4,93.5,147.6,5274.6,913.6,3588.1,772.8
2003,24,Maryland,5512310,248196,38778,525,1358,13302,23593,209418,38641,134372,36405,4502.6,703.5,9.5,24.6,241.3,428,3799.1,701,2437.7,660.4
2003,26,Michigan,10082364,382115,51550,612,5470,11254,34214,330565,68316,208538,53711,3789.9,511.3,6.1,54.3,111.6,339.3,3278.6,677.6,2068.3,532.7
2003,44,Rhode Island,1076084,35305,3074,25,505,830,1714,32231,5524,22320,4387,3280.9,285.7,2.3,46.9,77.1,159.3,2995.2,513.3,2074.2,407.7
2003,51,Virginia,7365284,220939,20490,416,1807,6713,11554,200449,29105,153367,17977,2999.7,278.2,5.6,24.5,91.1,156.9,2721.5,395.2,2082.3,244.1
2003,53,Washington,6131298,312814,21272,182,2863,5718,12509,291542,58271,192653,40618,5101.9,346.9,3,46.7,93.3,204,4755,950.4,3142.1,662.5
2004,2,Alaska,657755,26331,4159,37,558,447,3117,22172,3773,16159,2240,4003.2,632.3,5.6,84.8,68,473.9,3370.9,573.6,2456.7,340.6
2004,15,Hawaii,1262124,63738,3213,33,333,944,1903,60525,10827,41078,8620,5050.1,254.6,2.6,26.4,74.8,150.8,4795.5,857.8,3254.7,683
2004,24,Maryland,5561332,241435,38961,521,1317,12772,24351,202474,36704,129888,35882,4341.3,700.6,9.4,23.7,229.7,437.9,3640.7,660,2335.6,645.2
2004,26,Michigan,10104206,359542,49737,643,5482,11336,32276,309805,64233,194988,50584,3558.3,492.2,6.4,54.3,112.2,319.4,3066.1,635.7,1929.8,500.6
2004,44,Rhode Island,1079916,33839,2673,26,320,731,1596,31166,5465,21623,4078,3133.5,247.5,2.4,29.6,67.7,147.8,2886,506.1,2002.3,377.6
2004,51,Virginia,7481332,220976,20608,390,1816,6899,11503,200368,28759,154154,17455,2953.7,275.5,5.2,24.3,92.2,153.8,2678.2,384.4,2060.5,233.3
2004,53,Washington,6207046,322167,21330,190,2857,5866,12417,300837,60632,196972,43233,5190.3,343.6,3.1,46,94.5,200,4846.7,976.8,3173.4,696.5
2005,2,Alaska,663253,28169,4194,32,538,537,3087,23975,4131,17249,2595,4247,632,4.8,81.1,81,465.4,3615,622.8,2601,391
2005,15,Hawaii,1273278,64368,3253,24,343,1001,1885,61115,9792,42188,9135,5056,256,1.9,26.9,78.6,148,4800,769,3313,717
2005,24,Maryland,5589599,237852,39369,552,1266,14378,23173,198483,35922,128491,34070,4255,704,9.9,22.6,257.2,414.6,3551,642.7,2299,610
2005,26,Michigan,10100833,368828,55936,629,5199,13348,36760,312892,70527,194090,48275,3652,554,6.2,51.5,132.1,363.9,3098,698.2,1922,478
2005,44,Rhode Island,1073579,31997,2710,34,323,776,1577,29287,5319,19567,4401,2980,252,3.2,30.1,72.3,146.9,2728,495.4,1823,410
2005,51,Virginia,7564327,221838,21434,458,1763,7495,11718,200404,29829,154584,15991,2932,283,6.1,23.3,99.1,154.9,2649,394.3,2044,211
2005,53,Washington,6291899,329406,21745,205,2811,5788,12941,307661,60343,198031,49287,5236,346,3.3,44.7,92,205.7,4890,959.1,3147,783
2006,2,Alaska,670053,28585,4610,36,512,600,3462,23975,4155,17284,2536,4266.1,688,5.4,76.4,89.5,516.7,3578.1,620.1,2579.5,378.5
2006,15,Hawaii,1285498,57855,3608,21,353,1144,2090,54247,8724,37784,7739,4500.6,280.7,1.6,27.5,89,162.6,4219.9,678.6,2939.3,602
2006,24,Maryland,5615727,233595,38111,546,1178,14376,22011,195484,37459,127502,30523,4159.6,678.6,9.7,21,256,392,3481,667,2270.4,543.5
2006,26,Michigan,10095643,382575,56981,721,5347,14229,36684,325594,76313,199183,50098,3789.5,564.4,7.1,53,140.9,363.4,3225.1,755.9,1973,496.2
2006,44,Rhode Island,1067610,30374,2460,27,289,740,1404,27914,5453,18852,3609,2845,230.4,2.5,27.1,69.3,131.5,2614.6,510.8,1765.8,338
2006,51,Virginia,7642884,211940,21683,403,1829,7779,11672,190257,32166,143292,14799,2773,283.7,5.3,23.9,101.8,152.7,2489.3,420.9,1874.8,193.6
2006,53,Washington,6395798,310759,22303,197,2748,6424,12934,288456,58843,183179,46434,4858.8,348.7,3.1,43,100.4,202.2,4510.1,920,2864.1,726
2007,2,Alaska,683478,27616,4520,43,545,581,3351,23096,3734,16929,2433,4040.5,661.3,6.3,79.7,85,490.3,3379.2,546.3,2476.9,356
2007,15,Hawaii,1283388,56410,3544,24,377,1122,2021,52866,9089,37494,6283,4395.4,276.1,1.9,29.4,87.4,157.5,4119.3,708.2,2921.5,489.6
2007,24,Maryland,5618344,228859,36063,554,1179,13258,21072,192796,37095,127308,28393,4073.4,641.9,9.9,21,236,375.1,3431.5,660.2,2265.9,505.4
2007,26,Michigan,10071822,362315,53765,661,4592,13365,35147,308550,75273,191289,41988,3597.3,533.8,6.6,45.6,132.7,349,3063.5,747.4,1899.2,416.9
2007,44,Rhode Island,1057832,30000,2424,19,258,760,1387,27576,5206,19175,3195,2835.9,229.1,1.8,24.4,71.8,131.1,2606.8,492.1,1812.7,302
2007,51,Virginia,7712091,212798,21035,415,1793,7696,11131,191763,32028,145634,14101,2759.3,272.8,5.4,23.2,99.8,144.3,2486.5,415.3,1888.4,182.8
2007,53,Washington,6468424,283544,21768,174,2653,6079,12862,261776,52874,170782,38120,4383.5,336.5,2.7,41,94,198.8,4047,817.4,2640.2,589.3
2008,2,Alaska,686293,24565,4475,27,447,645,3356,20090,3237,15225,1628,3579.4,652.1,3.9,65.1,94,489,2927.3,471.7,2218.4,237.2
2008,15,Hawaii,1288198,49454,3510,26,363,1085,2036,45944,9404,31424,5116,3839,272.5,2,28.2,84.2,158.1,3566.5,730,2439.4,397.1
2008,24,Maryland,5633597,233558,35393,493,1127,13203,20570,198165,38849,133983,25333,4145.8,628.2,8.8,20,234.4,365.1,3517.6,689.6,2378.3,449.7
2008,26,Michigan,10003422,346612,51512,554,4507,13246,33205,295100,74787,184558,35755,3464.9,514.9,5.5,45.1,132.4,331.9,2950,747.6,1844.9,357.4
2008,44,Rhode Island,1050788,32551,2656,31,282,880,1463,29895,5766,20926,3203,3097.8,252.8,3,26.8,83.7,139.2,2845,548.7,1991.5,304.8
2008,51,Virginia,7769089,216757,20031,370,1794,7470,10397,196726,32188,151191,13347,2790,257.8,4.8,23.1,96.2,133.8,2532.2,414.3,1946.1,171.8
2008,53,Washington,6549224,271171,21888,193,2653,6419,12623,249283,53136,167013,29134,4140.5,334.2,2.9,40.5,98,192.7,3806.3,811.3,2550.1,444.8
2009,2,Alaska,698473,24962,4424,22,513,654,3235,20538,3600,15251,1687,3573.8,633.4,3.1,73.4,93.6,463.2,2940.4,515.4,2183.5,241.5
2009,15,Hawaii,1295178,51066,3550,23,385,1030,2112,47516,9244,33415,4857,3942.8,274.1,1.8,29.7,79.5,163.1,3668.7,713.7,2580,375
2009,24,Maryland,5699478,215920,33625,440,1156,12007,20022,182295,36905,125771,19619,3788.5,590,7.7,20.3,210.7,351.3,3198.5,647.5,2206.7,344.2
2009,26,Michigan,9969727,333844,49825,623,4524,12427,32251,284019,76046,178628,29345,3348.6,499.8,6.2,45.4,124.6,323.5,2848.8,762.8,1791.7,294.3
2009,44,Rhode Island,1053209,30236,2678,32,296,785,1565,27558,5753,19403,2402,2870.9,254.3,3,28.1,74.5,148.6,2616.6,546.2,1842.3,228.1
2009,51,Virginia,7882590,212215,18195,370,1572,6342,9911,194020,31956,150374,11690,2692.2,230.8,4.7,19.9,80.5,125.7,2461.4,405.4,1907.7,148.3
2009,53,Washington,6664195,267627,22412,190,2583,6711,12928,245215,53047,168421,23747,4015.9,336.3,2.9,38.8,100.7,194,3679.6,796,2527.3,356.3
2010,2,Alaska,714146,24796,4537,31,533,594,3379,20259,3105,15535,1619,3472.1,635.3,4.3,74.6,83.2,473.2,2836.8,434.8,2175.3,226.7
2010,15,Hawaii,1363359,49270,3603,25,377,1065,2136,45667,8706,31681,5280,3613.9,264.3,1.8,27.7,78.1,156.7,3349.6,638.6,2323.7,387.3
2010,24,Maryland,5785681,204916,31607,426,1228,11054,18899,173309,36704,118578,18027,3541.8,546.3,7.4,21.2,191.1,326.7,2995.5,634.4,2049.5,311.6
2010,26,Michigan,9877143,320194,48693,580,4733,11522,31858,271501,74345,169748,27408,3241.8,493,5.9,47.9,116.7,322.5,2748.8,752.7,1718.6,277.5
2010,44,Rhode Island,1052528,29668,2709,29,298,782,1600,26959,6124,18432,2403,2818.8,257.4,2.8,28.3,74.3,152,2561.4,581.8,1751.2,228.3
2010,51,Virginia,8023953,204587,17184,376,1580,5678,9550,187403,30804,145990,10609,2549.7,214.2,4.7,19.7,70.8,119,2335.5,383.9,1819.4,132.2
2010,53,Washington,6742950,270564,21138,154,2579,5929,12476,249426,55192,168490,25744,4012.6,313.5,2.3,38.2,87.9,185,3699.1,818.5,2498.8,381.8
2011,2,Alaska,723860,23510,4416,30,436,576,3374,19094,2852,14854,1388,3247.9,610.1,4.1,60.2,79.6,466.1,2637.8,394,2052.1,191.7
2011,15,Hawaii,1378129,47339,3465,20,353,994,2098,43874,8165,31240,4469,3435,251.4,1.5,25.6,72.1,152.2,3183.6,592.5,2266.8,324.3
2011,24,Maryland,5839572,195663,28817,399,1200,10342,16876,166846,35823,114951,16072,3350.7,493.5,6.8,20.5,177.1,289,2857.2,613.5,1968.5,275.2
2011,26,Michigan,9876801,295060,43731,617,4344,10263,28507,251329,69755,156666,24908,2987.4,442.8,6.2,44,103.9,288.6,2544.6,706.3,1586.2,252.2
2011,44,Rhode Island,1050646,30562,2586,20,319,744,1503,27976,6836,18765,2375,2908.8,246.1,1.9,30.4,70.8,143.1,2662.7,650.6,1786,226.1
2011,51,Virginia,8104384,198916,16014,304,1591,5425,8694,182902,30656,142476,9770,2454.4,197.6,3.8,19.6,66.9,107.3,2256.8,378.3,1758,120.6
2011,53,Washington,6823267,264361,20152,163,2320,5627,12042,244209,56561,162828,24820,3874.4,295.3,2.4,34,82.5,176.5,3579.1,828.9,2386.4,363.8
2012,2,Alaska,730307,24449,4412,30,583,630,3169,20037,2950,15565,1522,3347.7,604.1,4.1,79.8,86.3,433.9,2743.6,403.9,2131.3,208.4
2012,15,Hawaii,1390090,46797,3378,21,279,1125,1953,43419,7653,31901,3865,3366.5,243,1.5,20.1,80.9,140.5,3123.5,550.5,2294.9,278
2012,24,Maryland,5884868,190395,28086,373,1237,10173,16303,162309,33803,113550,14956,3235.4,477.3,6.3,21,172.9,277,2758.1,574.4,1929.5,254.1
2012,26,Michigan,9882519,294211,44962,701,4635,10423,29203,249249,65560,158609,25080,2977.1,455,7.1,46.9,105.5,295.5,2522.1,663.4,1604.9,253.8
2012,44,Rhode Island,1050304,29696,2657,36,292,715,1614,27039,5929,18478,2632,2827.4,253,3.4,27.8,68.1,153.7,2574.4,564.5,1759.3,250.6
2012,51,Virginia,8186628,194110,15676,322,1505,4718,9131,178434,29651,139654,9129,2371.1,191.5,3.9,18.4,57.6,111.5,2179.6,362.2,1705.9,111.5
2012,53,Washington,6895318,274930,20553,217,2250,5801,12285,254377,61376,166338,26663,3987.2,298.1,3.1,32.6,84.1,178.2,3689.1,890.1,2412.3,386.7
2013,2,Alaska,737259,25920,4709,34,657,623,3127,21211,2917,16599,1695,3515.7,638.7,4.6,89.1,84.5,424.1,2877,395.7,2251.4,229.9
2013,15,Hawaii,1408987,48851,3585,32,366,934,2111,45266,7777,32928,4561,3467.1,254.4,2.3,26,66.3,149.8,3212.7,552,2337,323.7
2013,24,Maryland,5938737,186153,28235,384,1179,10048,16124,157918,31950,112551,13417,3134.5,475.4,6.5,19.9,169.2,271.5,2659.1,538,1895.2,225.9
2013,26,Michigan,9898193,274892,44757,625,4506,10093,27254,230135,56256,149794,24085,2777.2,452.2,6.3,45.5,102,275.3,2325,568.3,1513.3,243.3
2013,44,Rhode Island,1053354,28451,2710,31,333,683,1547,25741,5621,17881,2239,2701,257.3,2.9,31.6,64.8,146.9,2443.7,533.6,1697.5,212.6
2013,51,Virginia,8270345,187913,16355,320,1476,4574,9111,171558,26717,136215,8626,2272.2,197.8,3.9,17.8,55.3,110.2,2074.4,323,1647,104.3
2013,53,Washington,6973742,279362,20223,167,2072,5829,11623,259139,58487,172227,28425,4005.9,290,2.4,29.7,83.6,166.7,3715.9,838.7,2469.6,407.6
2014,2,Alaska,736732,25018,4684,41,555,629,3243,20334,3150,15445,1739,3395.8,635.8,5.6,75.3,85.4,440.2,2760,427.6,2096.4,236
2014,15,Hawaii,1419561,46977,3680,26,314,1107,2102,43297,7778,31640,3879,3309.2,259.2,1.8,22.1,78,148.1,3050,547.9,2228.9,273.3
2014,24,Maryland,5976407,176520,26661,365,1144,9544,15133,149859,28012,108745,13102,2953.6,446.1,6.1,19.1,159.7,253.2,2507.5,468.7,1819.6,219.2
2014,26,Michigan,9909877,244895,42348,535,4049,8021,27519,202547,44184,137206,21157,2471.2,427.3,5.4,40.9,80.9,277.7,2043.9,445.9,1384.5,213.5
2014,44,Rhode Island,1055173,25248,2313,25,253,529,1398,22935,4823,16279,1833,2392.8,219.2,2.4,24,50.1,132.5,2173.6,457.1,1542.8,173.7
2014,51,Virginia,8326289,177060,16340,338,1432,4292,9400,160720,23122,129933,7665,2126.5,196.2,4.1,17.2,51.5,112.9,1930.3,277.7,1560.5,92.1
2014,53,Washington,7061530,281842,20136,174,2171,5640,11627,261706,55290,175769,30647,3991.3,285.2,2.5,30.7,79.9,164.7,3706.1,783,2489.1,434
